NestID,Species,Date_found,Veg_spp,Veg_height,Nest_height,Fate,Fate_date,Fate_time,Female,Male,Def_Pairs,Lik_Pairs,Prev_Nest,Start_date
AMB1,,4/9/2014,,,,2,,,,,,,,
AMBA1,SESP,4/22/2014,,,,,,,,,,,,
AMBJ1,,4/16/2014,,,,,,,,,,,,
AMBJ2,SESP,4/22/2014,,,,,,,,,,,,
AMBS1,SESP,4/13/2014,,,,,,,,,,,,
AMBT1,,4/6/2015,SPARALTE,,,,,,,,,,,
CRD?1,SESP,5/21/2013,SPARALTE,1.1,0.5,2,,,,,,,,
CRD?10,SESP,6/10/2013,SPARALTE,0.9,0.5,2,,,,,,,,
CRD?11,SESP,6/10/2013,SPARALTE,1.25,0.8,2,,,,,,,,
CRD?12,SESP,6/12/2013,SPARALTE,1.05,0.55,2,,,,,,,,
CRD?13,SESP,6/18/2013,SPARALTE,1,0.5,2,,,,,,,,
CRD?14,SESP,6/18/2013,SPARALTE,0.95,0.55,2,,,,,,,,
CRD?15,SESP,6/27/2013,SPARALTE,1.2,0.85,2,,,,,,,,
CRD?16,SESP,6/27/2013,SPARALTE,1,0.5,2,,,,,,,,
CRD?2,SESP,5/21/2013,SPARALTE,1.2,0.6,2,,,,,,,,
CRD?3,SESP,5/21/2013,SPARALTE,0.85,0.45,2,,,,,,,,
CRD?4,SESP,6/2/2013,SPARALTE,0.8,0.35,2,,,,,,,,
CRD?5,SESP,6/2/2013,SPARALTE,1.1,0.6,2,,,,,,,,
CRD?6,SESP,6/2/2013,SPARALTE,1,0.7,2,,,,,,,,
CRD?7,SESP,6/10/2013,SPARALTE,1,0.55,2,,,,,,,,
CRD?8,SESP,6/10/2013,SPARALTE,1,0.35,2,,,,,,,,
CRD?9,SESP,6/10/2013,SPARALTE,0.8,0.5,2,,,,,,,,
CRD1,SESP,5/21/2013,SPARALTE,0.8,0.45,1,5/23/2013,22:00:00,,,,,,5/21/2013
CRD10,SESP,6/12/2013,SPARALTE,0.85,0.5,3,6/14/2013,4:00:00,,,,,,6/12/2013
CRD11,SESP,6/12/2013,SPARALTE,0.85,0.575,3,6/14/2013,15:00:00,,,,PC1,,6/12/2013
CRD12,SESP,6/14/2013,SPARALTE,1.15,0.6,1,6/21/2013,,,,,PC8,,6/14/2013
CRD13,SESP,6/14/2013,SPARALTE,1.15,0.85,3,6/27/2013,7:00:00,,,,PC6,,6/14/2013
CRD14,SESP,6/14/2013,SPARALTE,1.4,0.8,1,6/21/2013,19:00:00,,,,PC7,,6/14/2013
CRD15,SESP,6/18/2013,SPARALTE,1.15,0.6,1,6/21/2013,19:00:00,,,,PC3,,6/18/2013
CRD16,SESP,6/18/2013,SPARALTE,1.1,0.75,1,6/23/2013,21:00:00,,,,,,6/18/2013
CRD17,SESP,6/18/2013,SPARALTE,1.2,0.75,1,6/21/2013,8:00:00,,,,PC4,CRD6,6/19/2013
CRD18,SESP,6/20/2013,SPARALTE,0.95,0.7,2,,,,,,,,
CRD19,SESP,6/22/2013,SPARALTE,1.1,0.8,1,6/23/2013,,,,,PC2,,6/22/2013
CRD2,SESP,5/21/2013,SPARALTE,0.8,0.45,1,5/22/2013,,,,,PC2,,5/21/2013
CRD20,SESP,6/22/2013,SPARALTE,1.4,0.8,3,6/25/2013,23:00:00,,,,PC9,,6/22/2013
CRD21,SESP,6/22/2013,SPARALTE,1.25,0.55,5,6/21/2013,,,,,,,6/20/2013
CRD22,SESP,6/24/2013,SPARALTE,1.2,0.6,3,6/25/2013,,,,,PC5,,6/24/2013
CRD23,SESP,6/27/2013,SPARALTE,1.1,0.7,3,6/29/2013,20:00:00,,,,PC3,CRD15,6/27/2013
CRD24,SESP,6/27/2013,SPARALTE,1.15,0.7,3,7/5/2013,12:00:00,,,,PC8,,6/27/2013
CRD25,SESP,6/27/2013,SPARALTE,1.05,0.6,3,7/15/2013,7:00:00,,,,PC6,CRD13,6/30/2013
CRD26,SESP,6/27/2013,SPARALTE,1.2,0.75,3,7/2/2013,15:00:00,,,,PC7,CRD14,6/27/2013
CRD27,SESP,6/27/2013,SPARALTE,1.05,0.75,3,7/1/2013,17:00:00,,,,PC4,CRD17,6/30/2013
CRD28,SESP,7/1/2013,SPARALTE,1.1,0.65,3,7/9/2013,18:00:00,,,,PC5,,7/1/2013
CRD29,SESP,7/1/2013,SPARALTE,1.15,0.9,3,7/16/2013,11:00:00,,,,PC2,,7/1/2013
CRD3,SESP,5/21/2013,SPARALTE,0.7,0.4,1,5/23/2013,20:00:00,,,,PC1,,5/21/2013
CRD30,SESP,7/14/2013,SPARALTE,1.4,0.65,3,7/15/2013,3:00:00,,,,PC3,,7/14/2013
CRD31,SESP,7/14/2013,SPARALTE,1.15,0.65,3,7/15/2013,3:00:00,,,,PC4,,7/14/2013
CRD32,SESP,7/14/2013,SPARALTE,1.1,0.7,1,7/24/2013,23:00:00,,,,PC7,,7/14/2013
CRD33,SESP,7/14/2013,SPARALTE,0.9,0.45,3,7/16/2013,17:00:00,,,,PC9,,7/14/2013
CRD34,SESP,7/24/2013,SPARALTE,1.2,0.8,,,,,,,PC3,,7/24/2013
CRD4,SESP,6/2/2013,SPARALTE,1,0.6,1,6/6/2013,,,,,PC2,,6/2/2013
CRD5,SESP,6/2/2013,SPARALTE,1,0.55,1,6/6/2013,21:00:00,,,,PC3,,6/2/2013
CRD6,SESP,6/10/2013,SPARALTE,1.1,0.75,3,6/14/2013,18:00:00,,,,PC4,,6/11/2013
CRD7,SESP,6/10/2013,SPARALTE,1.25,0.7,3,6/16/2013,15:00:00,,,,PC5,,6/11/2013
CRD8,SESP,6/10/2013,SPARALTE,1.1,0.65,2,,,,,,,,
CRD9,SESP,6/10/2013,SPARALTE,1.1,0.55,1,6/21/2013,19:00:00,,,,,,6/10/2013
CRDA1,SESP,5/8/2014,SPARALTE,1.16,0.57,5,5/19/2014,11:00:00,,,,,,5/8/2014
CRDA2,SESP,5/8/2014,SPARALTE,1.5,0.93,3,5/8/2014,19:00:00,,,,,,5/8/2014
CRDA3,SESP,5/13/2014,SPARALTE,1.06,0.64,1,5/14/2014,21:00:00,,,,,,5/13/2014
CRDA4,SESP,5/29/2014,SPARALTE,1.26,0.83,3,5/30/2014,18:00:00,,,,2PC2,,5/29/2014
CRDA5,SESP,6/23/2014,SPARALTE,1.34,0.73,5,7/14/2014,13:00:00,,,,2PC2,CRDE12,6/23/2014
CRDA6,SESP,6/23/2014,SPARALTE,1.27,0.7,5,7/7/2014,4:00:00,,,,,,6/23/2014
CRDA7,SESP,7/4/2014,SPARALTE,1.31,0.8,5,7/19/2014,13:00:00,,,,,,7/4/2014
CRDE1,SESP,4/9/2014,SPARALTE,0.92,0.69,1,4/13/2014,7:00:00,,,,2PC3,,4/9/2014
CRDE10,SESP,5/21/2014,SPARALTE,1.07,0.7,5,5/28/2014,6:00:00,"BL,SI/BL,PU","BLUE,PI/WH,SI",2PC1,,,5/21/2014
CRDE11,SESP,5/21/2014,SPARALTE,1.05,0.69,5,6/9/2014,18:00:00,"BL,SI/OR,WH",,,,,5/21/2014
CRDE12,SESP,6/6/2014,SPARALE,1.04,0.65,1,6/17/2014,1:00:00,,,,2PC2,CRDA4,6/6/2014
CRDE13,SESP,6/6/2014,SPARALTE,0.85,0.55,3,6/8/2014,19:00:00,,,,,,6/6/2014
CRDE14,SESP,6/23/2014,SPARALTE,1.13,0.67,3,6/28/2014,19:00:00,,,,2PC3,,6/23/2014
CRDE15,SESP,6/23/2014,SPARALTE,0.95,0.57,5,7/11/2014,15:00:00,,,,2PC4,,6/23/2014
CRDE16,SESP,7/4/2014,SPARALTE,1.15,0.75,3,7/8/2014,5:00:00,,,,,,7/4/2014
CRDE17,SESP,7/8/2014,SPARALTE,1.2,0.89,3,7/9/2014,8:00:00,"BL,SI/BL,PU","BLUE,PI/WH,SI",2PC1,,,7/8/2014
CRDE18,SESP,7/8/2014,SPARALTE,0.95,0.63,1,7/10/2014,20:00:00,,,,,,7/8/2014
CRDE2,SESP,4/9/2014,SPARALTE,1.15,0.76,1,4/16/2014,22:00:00,,,,,,4/9/2014
CRDE3,SESP,4/9/2014,SPARALTE,1.2,0.75,3,4/18/2014,5:00:00,,,,,,4/9/2014
CRDE4,SESP,4/28/2014,SPARALTE,0.9,0.55,,,,,,,2PC1,,4/28/2014
CRDE5,SESP,4/28/2014,SPARALTE,1.3,0.89,1,4/29/2014,23:00:00,,,,2PC2,,4/28/2014
CRDE6,SESP,4/28/2014,SPARALTE,,,2,,,,,,,,
CRDE7,SESP,4/28/2014,SPARALTE,0.8,0.69,3,4/30/2014,,,,,2PC4,,4/28/2014
CRDE8,SESP,5/8/2014,SPARALTE,1.05,0.73,3,5/8/2014,23:00:00,,,,2PC4,CRDE7,5/8/2014
CRDE9,SESP,5/21/2014,SPARALTE,0.98,0.62,5,6/6/2014,12:00:00,,,,,,5/21/2014
CRDF1,SESP,7/5/2013,SPARALTE,1,0.5,3,,,,,,,,
CRDF10,SESP,7/5/2013,SPARALTE,1.45,0.85,3,,,,,,,,
CRDF2,SESP,7/5/2013,SPARALTE,1.2,0.75,3,,,,,,,,
CRDF3,SESP,7/5/2013,SPARALTE,1.1,0.7,3,,,,,,,,
CRDF4,SESP,7/5/2013,SPARALTE,1.05,0.75,,,,,,,,,
CRDF5,SESP,7/5/2013,SPARALTE,1.1,0.75,3,,,,,,,,
CRDF6,SESP,7/5/2013,SPARALTE,1.15,0.85,3,,,,,,,,
CRDF7,SESP,7/5/2013,SPARALTE,1.25,0.6,,,,,,,,,
CRDF8,SESP,7/5/2013,SPARALTE,1.4,0.8,3,,,,,,,,
CRDF9,SESP,7/5/2013,SPARALTE,1.25,0.55,,,,,,,,,
CRDT1,SESP,4/8/2015,SPARALTE,0.95,0.65,3,4/15/2015,17:00:00,"BL,SI/BL,PU","BLUE,PI/WH,SI",3PC1,,,4/11/2015
CRDT10,SESP,5/2/2015,SPARALTE,0.8,0.62,3,5/3/2015,,"BL,SI/BL,PU","BLUE,PI/WH,SI",3PC1,,,5/2/2015
CRDT11,SESP,5/2/2015,SPARALTE,0.65,0.45,3,5/3/2015,,,,,3PC3,,5/2/2015
CRDT12,SESP,5/2/2015,SPARALTE,,,2,,,,,,,,
CRDT13,SESP,5/2/2015,SPARALTE,1,0.75,2,,,,,,,,
CRDT14,SESP,5/2/2015,SPARALTE,0.9,0.61,3,5/9/2015,14:00:00,,,,,,5/2/2015
CRDT15,SESP,5/2/2015,SPARALTE,,,2,,,,,,,,
CRDT16,SESP,5/7/2015,SPARALTE,0.65,0.3,3,5/8/2015,,,,,,,5/7/2015
CRDT17,SESP,5/7/2015,SPARALTE,0.65,0.43,3,5/8/2015,,,,,3PC6,,5/7/2015
CRDT18,SESP,5/7/2015,SPARALTE,1.15,0.82,5,5/23/2015,6:00:00,,,,,,5/7/2015
CRDT19,SESP,5/7/2015,SPARALTE,0.75,0.57,3,5/10/2015,19:00:00,,"OR,BLUE/WH,SI",3PC7,,CRDT8,5/7/2015
CRDT2,SESP,4/8/2015,SPARALTE,0.8,0.57,3,4/9/2015,,,,,3PC3,,4/8/2015
CRDT20,SESP,5/20/2015,SPARALTE,1.05,0.81,3,5/23/2015,22:00:00,,,,,,5/20/2015
CRDT21,SESP,5/20/2015,SPARALTE,0.8,0.54,3,5/31/2015,18:00:00,"BL,SI/BL,PU","BLUE,PI/WH,SI",3PC1,,,5/20/2015
CRDT22,SESP,5/20/2015,SPARALTE,0.9,0.66,2,,,,,,,,
CRDT23,SESP,5/24/2015,SPARALTE,1.15,0.83,5,6/12/2015,13:00:00,,,,,,5/24/2015
CRDT24,SESP,6/8/2015,SPARALTE,1.2,0.79,3,6/11/2015,,"BL,SI/GR,BLUE",,3PC2,,,6/8/2015
CRDT25,SESP,6/8/2015,SPARALTE,1.15,0.83,3,6/14/2015,16:00:00,"BL,SI/WH,BL","RE,PI/WH,SI",3PC4,,,6/8/2015
CRDT26,SESP,6/8/2015,SPARALTE,0.75,0.42,2,,,,,,,,
CRDT27,SESP,6/8/2015,SPARALTE,0.9,0.64,3,6/11/2015,6:00:00,"BL,SI/YE,PI","OR,WH/WH,SI",3PC5,,,6/8/2015
CRDT28,SESP,6/8/2015,SPARALTE,1.25,0.89,3,6/9/2015,,,,,,,6/8/2015
CRDT29,SESP,6/8/2015,SPARALTE,0.75,0.49,3,6/16/2015,2:00:00,"BL,SI/YE,BL",,,,,6/8/2015
CRDT30,SESP,6/15/2015,SPARALTE,0.85,0.55,3,6/16/2015,,,"OR,BLUE/WH,SI",3PC7,,,6/15/2015
CRDT31,SESP,6/21/2015,SPARALTE,0.85,0.69,1,6/26/2015,16:00:00,"BL,SI/RE,PI","YE,GR/WH,SI",,,,6/21/2015
CRDT32,SESP,6/21/2015,SPARALTE,1.15,0.81,3,6/29/2015,16:00:00,"BL,SI/WH,BL","RE,PI/WH,SI",3PC4,,CRDT25,6/21/2015
CRDT33,SESP,6/21/2015,SPARALTE,1.15,0.72,3,6/25/2015,12:00:00,"BL,SI/BLUE,BLUE","PI,BL/SI,WH",,,,6/21/2015
CRDT34,SESP,6/21/2015,SPARALTE,0.55,0.37,3,6/25/2015,20:00:00,"BL,SI/WH,GR","OR,OR/WH,SI",,3PC6,,6/21/2015
CRDT35,SESP,6/21/2015,SPARALTE,0.75,0.44,3,6/25/2015,7:00:00,,,,,,6/21/2015
CRDT36,SESP,6/21/2015,SPARALTE,1,0.54,3,6/24/2015,3:00:00,,,,,,6/21/2015
CRDT37,SESP,6/28/2015,SPARALTE,0.9,0.59,3,7/6/2015,11:00:00,"BL,SI/GR,BLUE","OR,BL/WH,SI",3PC2,,,6/28/2015
CRDT38,SESP,6/28/2015,SPARALTE,1,0.71,3,7/3/2015,8:00:00,"BL,SI/YE,PI",,3PC5,,,6/28/2015
CRDT39,SESP,7/6/2015,SPARALTE,1,0.67,3,7/17/2015,23:00:00,"BL,SI/WH,BL","RE,PI/WH,SI",3PC4,,CRDT32,7/6/2015
CRDT4,SESP,4/15/2015,SPARALTE,0.62,0.45,1,4/16/2015,20:00:00,,,,,,4/15/2015
CRDT40,SESP,7/6/2015,SPARALTE,0.7,0.42,3,7/7/2015,,,,,3PC6,,7/6/2015
CRDT5,SESP,4/15/2015,SPARALTE,1,0.78,5,4/23/2015,11:00:00,,,,,,4/15/2015
CRDT6,SESP,4/15/2015,SPARALTE,0.57,0.5,3,4/16/2015,3:00:00,,,,,,4/15/2015
CRDT7,SESP,4/24/2015,SPARALTE,0.9,0.61,3,4/24/2015,16:00:00,,,,,,4/24/2015
CRDT8,SESP,4/24/2015,SPARALTE,0.65,0.46,3,4/30/2015,17:00:00,"BL,SI/BLUE,RE","OR,BLUE/WH,SI",3PC7,,,4/24/2015
CRDT9,SESP,4/24/2015,SPARALTE,0.85,0.54,3,4/27/2015,17:00:00,"BL,SI/GR,RE",,,,,4/24/2015
JEKA1,SESP,4/16/2014,SPARALTE,1.5,0.75,3,4/17/2014,,,,,2PJ8,,4/16/2014
JEKA10,SESP,7/4/2014,SPARALTE,1.29,0.79,5,7/18/2014,17:00:00,"BL,SI/OR,RE","BLUE,PU/WH,SI",2PJ3,,,7/4/2014
JEKA2,SESP,4/22/2014,SPARALTE,0.95,0.55,1,4/28/2014,20:00:00,,,,2PJ9,,4/22/2014
JEKA3,SESP,4/29/2014,SPARALTE,1.25,0.77,5,5/16/2014,7:00:00,"BL,SI/BL,OR","WH,GR/WH,SI",2PJ9,,,4/29/2014
JEKA4,SESP,4/29/2014,SPARALTE,1.2,0.88,5,5/17/2014,2:00:00,,,,,,4/29/2014
JEKA5,SESP,4/29/2014,SPARALTE,1.06,0.77,5,5/17/2014,7:00:00,,,,,,4/29/2014
JEKA6,SESP,5/20/2014,SPARALTE,0.95,0.66,5,6/3/2014,13:00:00,"BL,SI/OR,RE","BLUE,PU/WH,SI",2PJ3,,,5/20/2014
JEKA7,SESP,5/25/2014,SPARALTE,0.85,0.46,5,6/11/2014,10:00:00,"PI,PI/BL,SI",,2PJ1,,,5/25/2014
JEKA8,SESP,6/18/2014,SPARALTE,1.26,0.56,3,6/28/2014,12:00:00,,,,,,6/18/2014
JEKA9,SESP,6/24/2014,SPARALTE,1.4,0.85,3,7/6/2014,7:00:00,"BL,SI/PI,OR","BLUE,BLUE/WH,SI",2PJ7,,,6/24/2014
JEKE1,SESP,4/16/2014,SPARALTE,1.15,0.77,3,4/18/2014,5:00:00,,,,,,4/16/2014
JEKE10,SESP,5/12/2014,SPARALTE,0.95,0.59,5,5/16/2014,19:00:00,,,,2PJ8,,5/12/2014
JEKE11,SESP,5/12/2014,SPARALTE,1.05,0.65,5,5/18/2014,18:00:00,,,,,,5/12/2014
JEKE12,SESP,5/16/2014,SPARALTE,1.03,0.62,5,6/6/2014,8:00:00,"BL,SI/PI,BLUE","RE,RE/WH,SI",,,,5/16/2014
JEKE13,SESP,5/20/2014,SPARALTE,1.55,1.15,3,5/23/2014,,,,,2PJ1,,5/20/2014
JEKE14,SESP,5/20/2014,SPARALTE,0.85,0.56,3,5/26/2014,13:00:00,,,,2PJ2,,5/20/2014
JEKE15,SESP,5/25/2014,SPARALTE,0.8,0.66,5,6/11/2014,18:00:00,"BL,SI/OR,GR","GR,BLUE/WH,SI",2PJ5,,,5/25/2014
JEKE16,SESP,6/1/2014,SPARALTE,0.75,0.56,3,6/2/2014,,,,,2PJ6,,6/1/2014
JEKE17,SESP,5/25/2014,SPARALTE,,,2,,,,,,,,
JEKE18,SESP,6/1/2014,SPARALTE,0.82,0.51,5,6/6/2014,6:00:00,"BL,SI/PI,OR","BLUE,BLUE/WH,SI",2PJ7,,,6/1/2014
JEKE19,SESP,6/10/2014,,,,,,,,"WH,YE/WH,SI",,,,
JEKE2,SESP,4/16/2014,SPARALTE,1.2,0.7,3,4/19/2014,17:00:00,,,,2PJ4,,4/16/2014
JEKE20,SESP,6/10/2014,SPARALTE,1.2,0.82,5,6/29/2014,12:00:00,,,,2PJ6,,6/10/2014
JEKE21,SESP,6/18/2014,SPARALTE,1.45,1.02,3,6/19/2014,,,,,,,6/18/2014
JEKE22,SESP,6/24/2014,SPARALTE,0.95,0.57,5,7/4/2014,11:00:00,,,,,,6/24/2014
JEKE23,SESP,6/24/2014,SPARALTE,1.55,1.11,3,6/26/2014,4:00:00,,,,2PJ2,,6/24/2014
JEKE24,SESP,6/24/2014,SPARALTE,1.15,0.7,3,6/29/2014,20:00:00,,,,,,6/24/2014
JEKE25,SESP,7/9/2014,SPARALTE,1.05,0.8,1,7/11/2014,19:00:00,,,,,,7/9/2014
JEKE3,SESP,4/16/2014,SPARALTE,,,2,,,,,,,,
JEKE4,SESP,4/22/2014,SPARALTE,1.2,0.82,3,4/30/2014,9:00:00,,,,,,4/22/2014
JEKE5,SESP,4/22/2014,SPARALTE,1,0.82,1,4/29/2014,22:00:00,,,,,,4/25/2014
JEKE6,SESP,4/29/2014,SPARALTE,1.2,0.7,5,5/18/2014,14:00:00,,,,2PJ4,,4/29/2014
JEKE7,SESP,4/29/2014,SPARALTE,1.3,0.94,3,5/2/2014,12:00:00,,,,2PJ5,,4/29/2014
JEKE8,SESP,4/29/2014,SPARALTE,1.15,0.85,5,5/15/2014,20:00:00,,,,,,4/29/2014
JEKE9,SESP,5/5/2014,SPARALTE,0.95,0.67,5,5/25/2014,10:00:00,"BL,SI/PI,YE","RE,BLUE/WH,SI",,,,5/5/2014
JEKT1,SESP,4/6/2015,SPARALTE,0.9,0.48,3,4/10/2015,19:00:00,,,,3PJ1,,4/6/2015
JEKT10,SESP,4/16/2015,SPARALTE,0.9,0.64,2,,,,,,,,
JEKT11,SESP,4/16/2015,SPARALTE,1.2,0.92,3,4/20/2015,4:00:00,,,,,,4/16/2015
JEKT12,SESP,4/16/2015,SPARALTE,0.95,0.61,1,4/18/2015,,,,,,,4/16/2015
JEKT13,SESP,4/16/2015,SPARALTE,0.9,0.64,3,4/27/2015,3:00:00,,"WH,GR/WH,SI",3PJ6,,,4/16/2015
JEKT14,SESP,4/23/2015,SPARALTE,0.85,0.57,5,5/12/2015,6:30:00,"BLUE,BL/BL,SI","PI,OR/WH,SI",,,,4/23/2015
JEKT15,SESP,4/23/2015,SPARALTE,1.35,0.83,2,,,,,,,,
JEKT16,SESP,4/23/2015,SPARALTE,0.77,0.64,3,5/2/2015,2:00:00,"BL,SI/RE,YE",,3PJ9,,,4/27/2015
JEKT17,SESP,4/23/2015,SPARALTE,0.9,0.5,3,4/26/2015,5:00:00,"BL,SI/PI,YE",,3PJ11,,,4/23/2015
JEKT18,SESP,4/23/2015,SPARALTE,1.4,1.15,2,,,,,,,,
JEKT19,SESP,5/1/2015,SPARALTE,0.7,0.43,3,5/3/2015,18:00:00,,,,3PJ1,JEKT6,5/1/2015
JEKT2,SESP,4/6/2015,SPARALTE,0.85,0.49,1,4/16/2015,19:00:00,"BL,SI/GR,PI","BL,PI/WH,SI",,3PJ2,,4/8/2015
JEKT20,SESP,5/1/2015,SPARALTE,1.15,0.83,3,5/2/2015,,,"PI,PI/WH,SI",3PJ12,,,5/1/2015
JEKT21,SESP,5/6/2015,SPARALTE,1.05,0.7,3,5/7/2015,,"BL,SI/GR,PI",,,3PJ2,,5/6/2015
JEKT22,SESP,5/6/2015,SPARALTE,0.7,0.44,1,5/17/2015,20:00:00,"BL,SI/PI,WH","OR,YE/WH,SI",3PJ4,,,5/6/2015
JEKT23,SESP,5/6/2015,SPARALTE,0.8,0.58,2,,,,,,,,
JEKT24,SESP,5/6/2015,SPARALTE,1.05,0.68,3,5/12/2015,1:00:00,"BL,SI/WH,RE","GR,YE/WH,SI",3PJ5,,,5/6/2015
JEKT25,SESP,5/6/2015,SPARALTE,1.2,0.82,3,5/7/2015,6:00:00,,,,,,5/6/2015
JEKT26,SESP,5/6/2015,SPARALTE,0.95,0.65,3,5/7/2015,,,,,3PJ6,JEKT13,5/6/2015
JEKT27,SESP,5/6/2015,SPARALTE,1.25,0.77,3,5/8/2015,19:00:00,,,,,,5/6/2015
JEKT28,SESP,5/6/2015,SPARALTE,0.75,0.44,3,5/7/2015,,"BL,SI/PI,BLUE","RE,RE/WH,SI",3PJ8,,,5/6/2015
JEKT29,SESP,5/6/2015,SPARALTE,1,0.64,5,5/10/2015,,"BL,SI/BLUE,OR",,,,,5/6/2015
JEKT3,SESP,4/9/2015,SPARALTE,1.05,0.77,3,4/10/2015,,"BL,SI/PI,BLUE","RE,RE/WH,SI",3PJ8,,,4/9/2015
JEKT30,SESP,5/19/2015,SPARALTE,1.05,0.74,3,5/24/2015,3:00:00,,,,3PJ3,,5/19/2015
JEKT31,SESP,5/19/2015,SPARALTE,1.2,0.84,3,6/6/2015,23:00:00,,,,,,5/20/2015
JEKT32,SESP,5/19/2015,SPARALTE,0.5,0.35,5,5/31/2015,12:00:00,,,,,,5/19/2015
JEKT33,SESP,5/23/2015,SPARALTE,0.7,0.54,2,,,,,,,,
JEKT34,SESP,5/23/2015,SPARALTE,0.75,0.64,3,5/29/2015,4:00:00,,"OR,YE/WH,SI",3PJ4,,JEKT22,5/23/2015
JEKT35,SESP,5/23/2015,SPARALTE,1.15,0.98,3,5/28/2015,5:00:00,,,,3PJ7,,5/23/2015
JEKT36,SESP,5/23/2015,SPARALTE,0.85,0.57,3,5/29/2015,17:00:00,"BL,SI/PI,BLUE",,3PJ8,,,5/23/2015
JEKT37,SESP,5/28/2015,SPARALTE,1,0.56,3,6/1/2015,7:00:00,,,,3PJ10,,5/28/2015
JEKT38,SESP,6/11/2015,SPARALTE,0.8,0.57,3,6/13/2015,3:00:00,,,,3PJ3,,6/11/2015
JEKT39,SESP,6/11/2015,SPARALTE,0.8,0.57,3,6/12/2015,,"BL,SI/PI,WH","OR,YE/WH,SI",3PJ4,,,6/11/2015
JEKT4,SESP,4/9/2015,SPARALTE,1.05,0.75,3,4/12/2015,9:00:00,"BL,SI/RE,YE","BL,BLUE/WH,SI",3PJ9,,,4/9/2015
JEKT40,SESP,6/11/2015,SPARALTE,1,0.57,2,,,"BLUE,BL/BL,SI","PI,OR/WH,SI",,,,
JEKT41,SESP,6/11/2015,SPARALTE,1.2,0.81,2,,,,,,,,
JEKT42,SESP,6/11/2015,SPARALTE,1.3,0.78,2,,,,,,,,
JEKT43,SESP,6/11/2015,SPARALTE,1.35,1.07,3,6/12/2015,3:00:00,"BL,SI/PI,BLUE","RE,RE/WH,SI",3PJ8,,,6/11/2015
JEKT44,SESP,6/11/2015,SPARALTE,0.8,0.48,3,6/12/2015,3:00:00,,"RE,BLUE/WH,SI",3PJ11,,,6/11/2015
JEKT45,SESP,6/17/2015,SPARALTE,0.85,0.58,3,6/18/2015,1:00:00,,,,3PJ4,JEKT39,6/17/2015
JEKT46,SESP,6/17/2015,SPARALTE,1.35,0.98,3,6/21/2015,8:00:00,,,,3PJ7,,6/17/2015
JEKT47,SESP,6/24/2015,SPARALTE,1.2,0.88,3,6/25/2015,17:00:00,"BL,SI/WH,RE","GR,YE/WH,SI",3PJ5,,,6/24/2015
JEKT48,SESP,6/24/2015,SPARALTE,0.6,0.44,3,7/4/2015,3:00:00,"BL,SI/PI,WH",,3PJ4,,JEKT45,6/24/2015
JEKT49,SESP,6/24/2015,SPARALTE,0.85,0.49,5,7/8/2015,8:00:00,,,,,,6/24/2015
JEKT5,SESP,4/9/2015,SPARALTE,1.2,0.82,4,4/10/2015,,,"PI,PI/WH,SI",3PJ12,,,4/9/2015
JEKT50,SESP,6/24/2015,SPARALTE,1,0.6,3,6/29/2015,3:00:00,,,,3PJ10,,6/24/2015
JEKT51,SESP,6/30/2015,SPARALTE,0.85,0.58,3,7/8/2015,19:00:00,,,,3PJ1,,6/30/2015
JEKT52,SESP,7/2/2015,SPARALTE,1.3,0.95,3,7/12/2015,19:00:00,"BL,SI/PI,BLUE","RE,RE/WH,SI",3PJ8,,,7/2/2015
JEKT53,SESP,7/2/2015,SPARALTE,1.1,0.74,3,7/3/2015,1:00:00,,,,,,7/2/2015
JEKT54,SESP,7/8/2015,SPARALTE,1.1,0.76,3,7/10/2015,10:00:00,,,,,,7/8/2015
JEKT6,SESP,4/16/2015,SPARALTE,1.25,0.95,3,4/20/2015,20:00:00,,,,3PJ1,JEKT1,4/16/2015
JEKT7,SESP,4/16/2015,SPARALTE,1.05,0.79,2,,,,,,3PJ3,,4/16/2015
JEKT8,SESP,4/16/2015,SPARALTE,0.75,0.37,3,4/20/2015,6:00:00,,,,,,4/16/2015
JEKT9,SESP,4/16/2015,SPARALTE,0.8,0.47,3,4/17/2015,,,,,,,4/16/2015
KAYT1,SESP,4/10/2015,SPARALTE,1.3,0.95,3,4/12/2015,7:00:00,,,,,,4/10/2015
KAYT10,SESP,4/17/2015,SPARALTE,0.85,0.68,3,4/18/2015,,,,,3PK9,,4/17/2015
KAYT11,SESP,4/17/2015,SPARALTE,1.15,0.85,3,4/22/2015,19:00:00,,,,3PK10,,4/17/2015
KAYT12,SESP,4/27/2015,SPARALTE,1.25,0.96,3,5/5/2015,15:00:00,"BL,SI/BLUE,WH","OR,PI/WH,SI",,,,5/3/2015
KAYT13,SESP,4/27/2015,SPARALTE,1.3,1.01,3,4/29/2015,3:00:00,,,,,,4/27/2015
KAYT14,SESP,4/27/2015,SPARALTE,1.2,0.8,3,4/28/2015,,,,,3PK1,,4/27/2015
KAYT15,SESP,4/27/2015,SPARALTE,0.85,0.59,3,5/1/2015,1:00:00,,,,3PK2,KAYT5,4/27/2015
KAYT16,SESP,4/27/2015,SPARALTE,1.05,0.78,3,4/28/2015,,,,,,,4/27/2015
KAYT17,SESP,4/27/2015,SPARALTE,1.1,0.84,3,4/28/2015,,,,,,,4/27/2015
KAYT18,SESP,4/27/2015,SPARALTE,1.05,0.79,3,4/28/2015,1:00:00,,,,,,4/27/2015
KAYT19,SESP,4/27/2015,SPARALTE,1.05,0.65,3,5/10/2015,23:00:00,,,,3PK4,,5/3/2015
KAYT2,SESP,4/10/2015,SPARALTE,1.02,0.77,3,4/11/2015,,,,,3PK1,,4/10/2015
KAYT20,SESP,5/10/2015,SPARALTE,0.9,0.59,3,5/15/2015,7:00:00,,,,,,5/10/2015
KAYT21,SESP,5/10/2015,SPARALTE,0.95,0.56,3,5/14/2015,13:00:00,,,,3PK7,,5/10/2015
KAYT22,SESP,5/10/2015,SPARALTE,0.7,0.54,3,5/11/2015,2:00:00,"BL,SI/RE,RE",,3PK5,,,5/10/2015
KAYT23,SESP,5/10/2015,SPARALTE,1.2,0.86,3,5/17/2015,5:00:00,,,,,,5/10/2015
KAYT24,SESP,5/10/2015,SPARALTE,0.85,0.5,5,5/23/2015,,,,,,,5/10/2015
KAYT25,SESP,5/22/2015,SPARALTE,1,0.72,3,5/25/2015,20:00:00,,,,,,5/22/2015
KAYT26,SESP,5/22/2015,SPARALTE,1,0.73,5,6/10/2015,6:00:00,,,,,,5/22/2015
KAYT27,SESP,5/22/2015,SPARALTE,0.65,0.41,2,,,,,,,,
KAYT28,SESP,5/22/2015,SPARALTE,1.1,0.82,3,5/27/2015,11:00:00,,,,3PK3,,5/22/2015
KAYT29,SESP,5/22/2015,SPARALTE,0.85,0.58,3,5/27/2015,7:00:00,,,,3PK4,,5/22/2015
KAYT3,SESP,4/10/2015,SPARALTE,1.03,0.6,2,,,,,,,,
KAYT30,SESP,5/22/2015,SPARALTE,0.8,0.48,3,5/23/2015,6:00:00,"BL,SI/RE,RE",,3PK5,,,5/22/2015
KAYT31,SESP,5/22/2015,SPARALTE,0.85,0.67,2,,,,,,,,
KAYT32,SESP,5/27/2015,SPARALTE,0.55,0.44,3,5/29/2015,3:00:00,,,,3PK2,,5/27/2015
KAYT33,SESP,5/27/2015,SPARALTE,0.75,0.49,5,6/11/2015,4:00:00,,,,3PK9,,5/27/2015
KAYT34,SESP,5/27/2015,SPARALTE,1,0.65,3,6/9/2015,16:00:00,,,,3PK10,,5/27/2015
KAYT35,SESP,6/9/2015,SPARALTE,1.4,1.08,3,6/15/2015,14:00:00,,,,,,6/9/2015
KAYT36,SESP,6/9/2015,SPARALTE,1.15,0.84,2,,,,,,,,
KAYT37,SESP,6/9/2015,SPARALTE,1.25,0.77,3,6/11/2015,1:00:00,,,,,,6/9/2015
KAYT38,SESP,6/9/2015,SPARALTE,0.7,0.48,5,6/25/2015,8:00:00,,,,3PK3,,6/9/2015
KAYT39,SESP,6/9/2015,SPARALTE,1.1,0.71,3,6/12/2015,16:00:00,,,,3PK7,,6/9/2015
KAYT4,SESP,4/10/2015,SPARALTE,0.75,0.59,1,4/18/2015,21:00:00,,,,,,4/10/2015
KAYT40,SESP,6/9/2015,SPARALTE,0.95,0.62,3,6/13/2015,3:00:00,"BL,SI/GR,YE","BL,RE/WH,SI",3PK8,,,6/9/2015
KAYT41,SESP,6/16/2015,SPARALTE,0.65,0.5,3,6/23/2015,16:00:00,"BL,SI/BLUE,PI",,3PK6,,,6/16/2015
KAYT42,SESP,6/23/2015,SPARALTE,0.95,0.59,3,6/26/2015,1:00:00,,,,3PK4,,6/23/2015
KAYT43,SESP,6/23/2015,SPARALTE,0.9,0.48,3,6/25/2015,18:00:00,,,,3PK7,,6/23/2015
KAYT44,SESP,6/29/2015,SPARALTE,0.75,0.47,3,7/11/2015,23:00:00,,,,,,7/4/2015
KAYT45,SESP,6/29/2015,SPARALTE,1,0.74,3,7/7/2015,5:00:00,,,,3PK10,,6/29/2015
KAYT46,SESP,7/7/2015,SPARALTE,1.2,0.79,2,,,,,,,,
KAYT47,SESP,7/7/2015,SPARALTE,1,0.62,3,7/13/2015,2:00:00,,,,,,7/7/2015
KAYT48,SESP,7/13/2015,SPARALTE,0.9,0.44,,,,,,,3PK4,,7/13/2015
KAYT49,SESP,7/13/2015,SPARALTE,0.9,0.49,3,7/16/2015,3:00:00,,,,3PK3,,7/13/2015
KAYT5,SESP,4/17/2015,SPARALTE,0.95,0.52,1,4/18/2015,21:00:00,,,,3PK2,,4/17/2015
KAYT6,SESP,4/17/2015,SPARALTE,1,0.68,3,4/26/2015,5:00:00,,,,,,4/17/2015
KAYT7,SESP,4/17/2015,SPARALTE,0.9,0.59,3,4/22/2015,22:00:00,"BL,SI/RE,RE",,3PK5,,,4/17/2015
KAYT8,SESP,4/17/2015,SPARALTE,0.8,0.55,3,4/30/2015,23:00:00,"BL,SI/BLUE,PI",,3PK6,,,4/17/2015
KAYT9,SESP,4/17/2015,SPARALTE,0.85,0.56,3,4/22/2015,,"BL,SI/GR,YE","BL,RE/WH,SI",3PK8,,,4/19/2015
SSC?1,SESP,6/7/2013,SPARALTE,1.1,0.7,2,,,,,,,,
SSC?10,SESP,6/11/2013,SPARALTE,1.35,0.65,2,,,,,,,,
SSC?11,SESP,6/11/2013,SPARALTE,1.3,0.5,2,,,,,,,,
SSC?12,SESP,6/11/2013,SPARALTE,0.9,0.55,2,,,,,,,,
SSC?13,SESP,6/13/2013,SPARALTE,1.2,0.65,2,,,,,,,,
SSC?14,SESP,6/13/2013,SPARALTE,1.35,0.7,2,,,,,,,,
SSC?15,SESP,6/13/2013,SPARALTE,1.25,0.65,2,,,,,,,,
SSC?16,SESP,6/17/2013,SPARALTE,1.25,0.7,2,,,,,,,,
SSC?17,SESP,6/17/2013,SPARALTE,1.3,0.7,2,,,,,,,,
SSC?18,SESP,6/17/2013,SPARALTE,1.1,0.5,2,,,,,,,,
SSC?19,SESP,6/17/2013,SPARALTE,1.15,0.65,2,,,,,,,,
SSC?2,SESP,6/7/2013,SPARALTE,1.1,0.6,2,,,,,,,,
SSC?20,SESP,6/17/2013,SPARALTE,1.1,0.55,2,,,,,,,,
SSC?21,SESP,6/17/2013,SPARALTE,1.1,0.65,2,,,,,,,,
SSC?22,SESP,6/17/2013,SPARALTE,1.35,0.75,2,,,,,,,,
SSC?23,SESP,6/17/2013,SPARALTE,1.25,0.7,2,,,,,,,,
SSC?24,SESP,6/19/2013,SPARALTE,1.2,0.7,2,,,,,,,,
SSC?25,SESP,6/19/2013,SPARALTE,1.2,0.65,2,,,,,,,,
SSC?26,SESP,6/19/2013,SPARALTE,1.2,0.6,2,,,,,,,,
SSC?27,SESP,6/19/2013,SPARALTE,1.05,0.6,2,,,,,,,,
SSC?28,SESP,6/19/2013,SPARALTE,1.2,0.55,2,,,,,,,,
SSC?29,SESP,6/19/2013,SPARALTE,1.1,0.65,2,,,,,,,,
SSC?3,CLRA,6/7/2013,SPARALTE,0.35,0.8,2,,,,,,,,
SSC?30,SESP,6/19/2013,SPARALTE,1.05,0.75,2,,,,,,,,
SSC?31,SESP,6/19/2013,SPARALTE,1.2,0.7,2,,,,,,,,
SSC?32,SESP,6/19/2013,SPARALTE,1.2,0.65,2,,,,,,,,
SSC?33,SESP,6/19/2013,SPARALTE,0.9,0.45,2,,,,,,,,
SSC?34,SESP,6/25/2013,SPARALTE,0.85,1.35,,,,,,,,,
SSC?35,SESP,6/26/2013,SPARALTE,1.3,0.7,2,,,,,,,,
SSC?4,SESP,6/7/2013,SPARALTE,1,0.45,2,,,,,,,,
SSC?5,SESP,6/7/2013,SPARALTE,0.9,0.5,2,,,,,,,,
SSC?6,SESP,6/7/2013,SPARALTE,0.75,0.35,2,,,,,,,,
SSC?7,SESP,6/11/2013,SPARALTE,1.2,0.6,2,,,,,,,,
SSC?8,SESP,6/11/2013,SPARALTE,1.2,0.65,2,,,,,,,,
SSC?9,SESP,6/11/2013,SPARALTE,1,0.5,,,,,,,,,
SSC1,SESP,6/7/2013,SPARALTE,1.1,0.45,4,6/7/2013,,,,,PS1,,6/7/2013
SSC10,SESP,6/11/2013,SPARALTE,1.05,0.7,1,6/21/2013,20:00:00,,,,PS7,SSC8,6/11/2013
SSC11,SESP,6/11/2013,SPARALTE,1.3,0.65,1,6/20/2013,18:00:00,,,,PS9,,6/12/2013
SSC12,SESP,6/13/2013,SPARALTE,1.1,0.8,1,6/21/2013,18:00:00,,,,PS10,,6/13/2013
SSC13,SESP,6/13/2013,SPARALTE,1.25,0.75,2,,,,,,,,
SSC14,SESP,6/13/2013,SPARALTE,1.2,0.7,3,6/14/2013,,,,,,,6/13/2013
SSC15,SESP,6/13/2013,SPARALTE,1.4,0.7,3,6/19/2013,9:00:00,,,,,,6/13/2013
SSC16,SESP,6/13/2013,SPARALTE,1.3,0.75,1,6/20/2013,18:00:00,,,,,,6/13/2013
SSC17,SESP,6/13/2013,SPARALTE,1.2,0.8,3,6/14/2013,,,,,PS11,,6/13/2013
SSC18,SESP,6/13/2013,SPARALTE,0.95,0.45,3,6/14/2013,,,,,,,6/13/2013
SSC19,SESP,6/13/2013,SPARALTE,1.5,0.95,1,6/19/2013,18:00:00,,,,,,6/13/2013
SSC2,SESP,6/7/2013,SPARALTE,1,0.55,3,6/7/2013,,,,,PS3,,6/7/2013
SSC20,SESP,6/17/2013,SPARALTE,1.3,0.8,1,6/21/2013,19:00:00,,,,,,6/17/2013
SSC21,SESP,6/17/2013,SPARALTE,1.3,0.6,1,6/20/2013,8:00:00,,,,PS13,,6/17/2013
SSC22,SESP,6/17/2013,SPARALTE,1.5,0.8,1,6/21/2013,20:00:00,,,,PS14,,6/17/2013
SSC23,SESP,6/17/2013,SPARALTE,1.05,0.65,1,6/20/2013,18:00:00,,,,PS15,,6/17/2013
SSC24,SESP,6/17/2013,SPARALTE,1.1,0.65,1,6/22/2013,21:00:00,,,,PS16,,6/17/2013
SSC25,SESP,6/17/2013,SPARALTE,1.25,0.8,1,6/21/2013,19:00:00,,,,PS1,SSC1,6/17/2013
SSC26,SESP,6/19/2013,SPARALTE,1.35,0.7,3,6/20/2013,,,,,,,6/19/2013
SSC27,SESP,6/19/2013,SPARALTE,1.1,0.7,1,6/20/2013,18:00:00,,,,,,6/19/2013
SSC28,SESP,6/19/2013,SPARALTE,1.3,0.65,3,6/20/2013,,,,,,,6/19/2013
SSC29,SESP,6/19/2013,SPARALTE,1.1,0.55,1,6/20/2013,18:00:00,,,,,,6/19/2013
SSC3,SESP,6/7/2013,SPARALTE,1.1,0.65,1,6/18/2013,,,,,PS2,,6/7/2013
SSC30,SESP,6/20/2013,SPARALTE,1.05,0.65,1,6/20/2013,18:00:00,,,,PS3,,6/20/2013
SSC31,SESP,6/20/2013,SPARALTE,0.95,0.55,1,6/21/2013,21:00:00,,,,,,6/20/2013
SSC32,SESP,6/24/2013,SPARALTE,1.2,0.8,3,7/1/2013,4:00:00,,,,PS4,SSC5,6/24/2013
SSC33,SESP,6/24/2013,SPARALTE,1.15,0.775,3,6/28/2013,19:00:00,,,,PS1,SSC25,6/24/2013
SSC34,SESP,6/25/2013,SPARALTE,1.3,0.75,3,6/28/2013,5:00:00,,,,PS2,,6/25/2013
SSC35,SESP,6/25/2013,SPARALTE,1.2,0.6,3,7/4/2013,2:00:00,,,,PS5,SSC6,6/25/2013
SSC36,SESP,6/26/2013,SPARALTE,0.9,0.7,3,6/30/2013,9:00:00,,,,PS6,SSC7,6/26/2013
SSC37,SESP,6/26/2013,SPARALTE,1.5,1,5,7/19/2013,7:00:00,,,,PS7,SSC10,6/27/2013
SSC38,SESP,6/26/2013,SPARALTE,1.3,0.95,3,7/12/2013,8:00:00,,,,PS8,SSC9,6/26/2013
SSC39,SESP,6/26/2013,SPARALTE,0.95,0.55,3,6/30/2013,19:00:00,,,,PS9,SSC11,6/26/2013
SSC4,SESP,6/7/2013,SPARALTE,1.5,0.8,2,,,,,,,,
SSC40,SESP,6/26/2013,SPARALTE,1.25,0.85,5,7/17/2013,19:00:00,,,,PS10,SSC12,6/26/2013
SSC41,SESP,6/28/2013,SPARALTE,1.4,1,3,6/29/2013,8:00:00,,,,PS3,SSC30,6/28/2013
SSC42,SESP,6/28/2013,SPARALTE,1.1,0.65,3,6/29/2013,,,,,,,6/28/2013
SSC43,SESP,6/28/2013,SPARALTE,1.25,0.65,5,7/17/2013,18:00:00,,,,PS13,SSC21,6/28/2013
SSC44,SESP,6/28/2013,SPARALTE,1.3,0.75,3,7/4/2013,18:00:00,,,,PS14,SSC22,6/28/2013
SSC45,SESP,6/28/2013,SPARALTE,0.7,0.5,3,7/5/2013,15:00:00,,,,,,6/28/2013
SSC46,SESP,6/28/2013,SPARALTE,1.1,0.75,3,7/13/2013,7:00:00,,,,PS16,SSC24,6/28/2013
SSC47,SESP,7/2/2013,SPARALTE,1.1,0.6,3,7/4/2013,21:00:00,,,,PS15,,7/2/2013
SSC48,SESP,7/2/2013,SPARALTE,1.35,0.85,4,7/7/2013,9:00:00,,,,PS4,SSC32,7/2/2013
SSC49,SESP,7/4/2013,SPARALTE,1.3,0.9,3,7/5/2013,,,,,,,7/4/2013
SSC5,SESP,6/7/2013,SPARALTE,1.1,0.75,1,6/19/2013,18:00:00,,,,PS4,,6/7/2013
SSC50,SESP,7/4/2013,SPARALTE,1.1,0.8,3,7/5/2013,10:00:00,,,,PS2,SSC34,7/4/2013
SSC51,SESP,7/4/2013,SPARALTE,1.2,0.7,1,7/22/2013,8:00:00,,,,PS1,SSC33,7/4/2013
SSC52,SESP,7/7/2013,SPARALTE,0.95,0.55,3,7/11/2013,8:00:00,,,,PS3,,7/7/2013
SSC53,SESP,7/13/2013,SPARALTE,1.3,0.8,3,7/16/2013,17:00:00,,,,PS2,,7/13/2013
SSC54,SESP,7/13/2013,SPARALTE,1.2,0.75,3,7/24/2013,23:00:00,,,,PS11,,7/13/2013
SSC55,SESP,7/13/2013,SPARALTE,0.8,0.3,1,7/23/2013,23:00:00,,,,,,7/13/2013
SSC6,SESP,6/11/2013,SPARALTE,1.2,0.7,1,6/17/2013,16:00:00,,,,PS5,,6/11/2013
SSC7,SESP,6/11/2013,SPARALTE,1,0.65,1,6/20/2013,18:00:00,,,,PS6,,6/11/2013
SSC8,SESP,6/11/2013,SPARALTE,1.15,0.65,3,6/12/2013,,,,,PS7,,6/11/2013
SSC9,SESP,6/11/2013,SPARALTE,1,0.6,1,6/21/2013,18:00:00,,,,PS8,,6/12/2013
SSCA1,SESP,4/14/2014,SPARALTE,0.95,0.72,5,4/17/2014,,,,,,,4/14/2014
SSCA10,SESP,6/25/2014,SPARALTE,1.07,0.9,3,6/28/2014,19:00:00,,,,2PS2,,6/25/2014
SSCA11,SESP,7/7/2014,SPARALTE,1.11,0.58,3,7/13/2014,15:00:00,,,,,,7/7/2014
SSCA12,SESP,7/7/2014,SPARALTE,1.3,0.75,3,7/10/2014,17:00:00,"BL,SI/OR,OR","GR,GR/WH,SI",2PS2,,SSCA10,7/7/2014
SSCA13,SESP,7/7/2014,SPARALTE,1.43,0.98,3,7/8/2014,,,,,2PS4,,7/7/2014
SSCA14,SESP,7/7/2014,SPARALTE,1.32,1,3,7/11/2014,16:00:00,"BL,SI/BLUE,YE",,2PS5,,,7/7/2014
SSCA2,SESP,5/9/2014,SPARALTE,1,0.65,,5/27/2014,15:00:00,"BL,SI/PI,GR",,2PS7,,,5/9/2014
SSCA3,SESP,5/22/2014,SPARALTE,1.35,0.87,3,5/31/2014,8:00:00,,,,2PS1,,5/22/2014
SSCA4,SESP,5/22/2014,SPARALTE,1.07,0.93,3,5/29/2014,23:00:00,,,,,,5/22/2014
SSCA5,SESP,5/22/2014,SPARALTE,1.25,1.07,5,6/13/2014,6:00:00,"BL,SI/BLUE,YE",,2PS5,,,5/22/2014
SSCA6,SESP,5/22/2014,SPARALTE,1.35,1.05,3,5/23/2014,,,,,2PS6,,5/22/2014
SSCA7,SESP,6/5/2014,SPARALTE,1.1,0.67,3,6/15/2014,,,,,,,6/5/2014
SSCA8,SESP,6/19/2014,SPARALTE,1.35,0.8,,,,,,,,,6/19/2014
SSCA9,SESP,6/19/2014,SPARALTE,1.53,0.86,3,6/20/2014,1:00:00,"BL,SI/PI,GR",,2PS7,,,6/19/2014
SSCE1,SESP,4/13/2014,SPARALTE,0.97,0.65,4,4/18/2014,18:00:00,,,,,,4/13/2014
SSCE10,SESP,4/26/2014,SPARALTE,1.25,0.8,5,4/30/2014,,,,,,,4/26/2014
SSCE11,SESP,4/26/2014,SPARALTE,1,0.75,3,5/1/2014,19:00:00,,,,2PS6,,4/26/2014
SSCE12,SESP,5/9/2014,SPARALTE,1.07,0.91,5,5/27/2014,15:00:00,"BL,SI/OR,OR","GR,GR/WH,SI",2PS2,,,5/9/2014
SSCE13,SESP,5/9/2014,SPARALTE,0.98,0.6,3,5/10/2014,18:00:00,"BL,SI/BL,WH","WH,PI/WH,SI",2PS3,,,5/9/2014
SSCE14,SESP,5/9/2014,SPARALTE,1.06,0.86,2,,,,,,,,
SSCE15,SESP,5/9/2014,SPARALTE,0.7,0.49,5,5/27/2014,17:00:00,"BL,SI/BL,PI","BL,YE/WH,SI",,,,5/9/2014
SSCE16,SESP,5/17/2014,SPARALTE,0.85,0.47,3,5/25/2014,3:00:00,"BL,SI/BL,WH","RE,YE/WH,SI",2PS3,,SSCE13,5/17/2014
SSCE17,SESP,5/22/2014,SPARALTE,1.07,0.79,3,5/30/2014,18:00:00,,,,,,5/22/2014
SSCE18,SESP,5/30/2014,SPARALTE,1.15,0.87,3,6/2/2014,17:00:00,"BL,SI/PI,WH",,2PS6,,,5/30/2014
SSCE19,SESP,6/5/2014,SPARALTE,1.23,0.77,3,6/7/2014,1:00:00,,,,2PS4,,6/5/2014
SSCE2,SESP,4/13/2014,SPARALTE,,,2,,,,,,,,
SSCE20,SESP,6/5/2014,SPARALTE,1.15,0.86,3,6/15/2014,13:00:00,,,,2PS1,SSCA3,6/5/2014
SSCE21,SESP,6/5/2014,SPARALTE,0.8,0.46,3,6/7/2014,,,,,,,6/5/2014
SSCE22,SESP,6/11/2014,SPARALTE,1.35,1.06,5,7/3/2014,15:00:00,"BL,SI/PI,WH",,2PS6,,,6/11/2014
SSCE23,SESP,6/11/2014,SPARALTE,1.13,0.69,5,6/12/2014,,,,,,,6/11/2014
SSCE24,SESP,6/18/2014,SPARALTE,0.95,0.68,3,6/22/2014,15:00:00,,,,2PS4,,6/18/2014
SSCE25,SESP,6/19/2014,SPARALTE,1.22,1.03,3,6/20/2014,5:00:00,,,,,,6/19/2014
SSCE26,SESP,6/25/2014,SPARALTE,1.45,1.03,3,6/26/2014,,,,,,,6/25/2014
SSCE27,SESP,7/3/2014,SPARALTE,1.5,1.01,3,7/16/2014,7:00:00,"BL,SI/PI,WH",,2PS6,,,7/3/2014
SSCE28,SESP,7/7/2014,SPARALTE,0.9,0.67,3,7/9/2014,1:00:00,,,,,,7/7/2014
SSCE29,SESP,7/7/2014,SPARALTE,1.2,0.88,3,7/21/2014,4:00:00,,,,,,7/7/2014
SSCE3,SESP,4/13/2014,SPARALTE,1.8,0.78,3,4/17/2014,7:00:00,,,,,,4/13/2014
SSCE30,SESP,7/7/2014,SPARALTE,1.05,0.85,1,7/11/2014,18:00:00,"BL,SI/PI,GR",,2PS7,,,7/7/2014
SSCE31,SESP,7/14/2014,SPARALTE,1.15,0.79,3,7/21/2014,5:00:00,,,,2PS3,,7/14/2014
SSCE32,SESP,7/23/2014,SPARALTE,1.45,1.07,,,,"BL,SI/PI,GR",,2PS7,,,7/23/2014
SSCE4,SESP,4/13/2014,SPARALTE,0.85,0.7,1,4/23/2014,16:00:00,"BL,SI/BLUE,YE",,2PS5,,,4/13/2014
SSCE5,SESP,4/13/2014,SPARALTE,1.05,0.73,,4/16/2014,18:00:00,,,,2PS6,,4/13/2014
SSCE6,SESP,4/14/2014,SPARALTE,1.25,0.87,3,4/22/2014,6:00:00,,,,,,4/14/2014
SSCE7,SESP,4/20/2014,SPARALTE,1.35,0.95,1,4/27/2014,20:00:00,"BL,SI/BL,WH","RE,YE/WH,SI",2PS3,,,4/20/2014
SSCE8,SESP,4/20/2014,SPARALTE,0.9,0.65,1,5/14/2014,21:00:00,,,,2PS4,,4/27/2014
SSCE9,SESP,4/20/2014,SPARALTE,1.05,0.89,3,5/11/2014,23:00:00,,,,,,4/24/2014
SSCF1,SESP,7/4/2013,SPARALTE,,,3,,,,,,,,
SSCF10,SESP,7/4/2013,SPARALTE,1.25,0.8,3,,,,,,,,
SSCF2,SESP,7/4/2013,SPARALTE,,,3,,,,,,,,
SSCF3,SESP,7/4/2013,SPARALTE,0.9,0.7,3,,,,,,,,
SSCF4,SESP,7/4/2013,SPARALTE,,,,,,,,,,,
SSCF5,SESP,7/4/2013,SPARALTE,0.95,0.45,,,,,,,,,
SSCF6,SESP,7/4/2013,SPARALTE,1.1,0.65,,,,,,,,,
SSCF7,SESP,7/4/2013,SPARALTE,0.95,0.55,,,,,,,,,
SSCF8,SESP,7/4/2013,SPARALTE,1.3,0.8,3,,,,,,,,
SSCF9,SESP,7/4/2013,SPARALTE,,,3,,,,,,,,
SSCT1,SESP,4/7/2015,SPARALTE,0.7,0.42,1,4/19/2015,21:00:00,"BL,SI/OR,OR","GR,GR/WH,SI",3PS1,,,4/7/2015
SSCT10,SESP,4/22/2015,SPARALTE,1.05,0.74,3,5/7/2015,,,,,3PS8,,4/22/2015
SSCT11,SESP,4/22/2015,SPARALTE,0.8,0.71,3,4/26/2015,11:00:00,"BL,SI/PI,GR",,3PS7,,SSCT8,4/22/2015
SSCT12,SESP,4/28/2015,SPARALTE,0.9,0.6,3,5/1/2015,7:00:00,,,,,,4/28/2015
SSCT13,SESP,4/28/2015,SPARALTE,0.85,0.57,3,5/9/2015,12:00:00,"BL,SI/OR,OR","GR,GR/WH,SI",3PS1,,,4/28/2015
SSCT14,SESP,4/28/2015,SPARALTE,1.05,0.85,3,4/29/2015,,,,,,,4/28/2015
SSCT15,SESP,4/28/2015,SPARALTE,1.05,0.68,3,4/29/2015,5:00:00,,,,,,4/28/2015
SSCT16,SESP,5/5/2015,SPARALTE,0.75,0.45,2,,,"BL,SI/BL,PI",,,,,
SSCT17,SESP,5/5/2015,SPARALTE,0.6,0.47,3,5/17/2015,5:00:00,"BL,SI/GR,BL",,3PS2,,,5/5/2015
SSCT18,SESP,5/5/2015,SPARALTE,0.95,0.78,3,5/16/2015,21:00:00,"BL,SI/BLUE,YE",,3PS4,,,5/8/2015
SSCT19,SESP,5/11/2015,SPARALTE,0.65,0.44,2,,,,,,,,
SSCT2,SESP,4/13/2015,SPARALTE,1.05,0.66,5,4/17/2015,16:00:00,,"WH,PI/WH,SI",3PS3,,,4/13/2015
SSCT20,SESP,5/11/2015,SPARALTE,0.9,0.47,3,5/14/2015,1:00:00,,"PI,BLUE/WH,SI",,,,5/11/2015
SSCT21,SESP,5/11/2015,SPARALTE,0.9,0.71,2,,,,,,,,
SSCT22,SESP,5/11/2015,SPARALTE,1.05,0.67,1,5/17/2015,20:00:00,"BL,SI/RE,OR","WH,WH/WH,SI",,3PS6,,5/11/2015
SSCT23,SESP,5/11/2015,SPARALTE,0.9,0.69,3,5/21/2015,20:00:00,,,,3PS8,,5/17/2015
SSCT24,SESP,5/21/2015,SPARALTE,0.7,0.48,3,5/22/2015,,,,,,,5/21/2015
SSCT25,SESP,5/26/2015,SPARALTE,0.8,0.58,3,5/30/2015,17:00:00,,"WH,PI/WH,SI",3PS3,,,5/26/2015
SSCT26,SESP,5/26/2015,SPARALTE,1.1,0.73,3,6/7/2015,17:00:00,"BL,SI/GR,BL",,3PS2,,SSCT17,5/26/2015
SSCT27,SESP,5/26/2015,SPARALTE,0.75,0.44,2,,,,,,,,
SSCT28,SESP,5/26/2015,SPARALTE,1,0.56,2,,,,,,,,
SSCT29,SESP,5/26/2015,SPARALTE,1.05,0.89,3,6/3/2015,9:00:00,,,,,,5/27/2015
SSCT3,SESP,4/13/2015,SPARALTE,1.1,0.73,2,,,,,,,,
SSCT30,SESP,5/26/2015,SPARALTE,0.55,0.36,3,5/30/2015,,"BL,SI/BLUE,YE",,3PS4,,,5/28/2015
SSCT31,SESP,5/26/2015,SPARALTE,0.75,0.5,3,5/27/2015,,,,,3PS9,,5/26/2015
SSCT32,SESP,5/26/2015,SPARALTE,0.7,0.54,3,5/28/2015,17:00:00,,,,3PS8,,5/26/2015
SSCT33,SESP,5/26/2015,SPARALTE,0.7,0.49,3,5/27/2015,17:00:00,,,,,,5/26/2015
SSCT34,SESP,5/29/2015,SPARALTE,1.25,0.82,3,6/3/2015,20:00:00,,,,3PS8,SSCT32,5/29/2015
SSCT35,SESP,6/12/2015,SPARALTE,0.9,0.58,5,6/16/2015,,,,,,,6/12/2015
SSCT36,SESP,6/12/2015,SPARALTE,1.05,0.68,2,,,"BL,SI/BLUE,YE",,,,,
SSCT37,SESP,6/12/2015,SPARALTE,1.1,0.84,2,,,,,,,,
SSCT38,SESP,6/12/2015,SPARALTE,1.3,0.98,3,6/28/2015,22:00:00,,,,,,6/12/2015
SSCT39,SESP,6/12/2015,SPARALTE,0.75,0.46,3,6/13/2015,,,,,3PS9,,6/12/2015
SSCT4,SESP,4/13/2015,SPARALTE,1.03,0.78,3,4/23/2015,6:00:00,"BL,SI/BLUE,YE",,3PS4,,,4/13/2015
SSCT40,SESP,6/18/2015,SPARALTE,0.7,0.47,3,6/19/2015,,"BL,SI/OR,OR",,3PS1,,,6/18/2015
SSCT41,SESP,6/18/2015,SPARALTE,0.95,0.64,3,7/3/2015,10:00:00,,"WH,PI/WH,SI",3PS3,,,6/18/2015
SSCT42,SESP,6/18/2015,SPARALTE,1.3,0.94,3,6/22/2015,1:00:00,"BL,SI/BLUE,YE",,3PS4,,,6/18/2015
SSCT43,SESP,6/18/2015,SPARALTE,1.05,0.84,5,7/9/2015,10:00:00,,,,,,6/18/2015
SSCT44,SESP,6/26/2015,SPARALTE,0.7,0.4,3,6/29/2015,6:00:00,"BL,SI/OR,OR","GR,GR/WH,SI",3PS1,,SSCT40,6/26/2015
SSCT45,SESP,7/1/2015,SPARALTE,0.85,0.53,3,7/11/2015,22:00:00,"BL,SI/GR,BL",,3PS2,,,7/1/2015
SSCT46,SESP,7/1/2015,SPARALTE,1.05,0.65,5,7/8/2015,7:00:00,"BL,SI/PI,GR",,3PS7,,,7/1/2015
SSCT47,SESP,7/9/2015,SPARALTE,1.1,0.94,,,,,,,3PS8,,7/9/2015
SSCT5,SESP,4/13/2015,SPARALTE,0.75,0.53,1,4/16/2015,7:00:00,"BL,SI/PI,WH",,3PS5,,,4/13/2015
SSCT6,SESP,4/13/2015,SPARALTE,0.8,0.55,1,4/18/2015,7:00:00,,,,,,4/13/2015
SSCT7,SESP,4/13/2015,SPARALTE,0.7,0.57,1,4/16/2015,19:00:00,,,,3PS6,,4/13/2015
SSCT8,SESP,4/13/2015,SPARALTE,0.9,0.72,3,4/17/2015,4:00:00,"BL,SI/PI,GR",,3PS7,,,4/13/2015
SSCT9,SESP,4/22/2015,SPARALTE,0.7,0.57,5,5/13/2015,3:00:00,"BL,SI/PI,WH",,3PS5,,SSCT5,4/22/2015
TURA1,CLRA,4/7/2014,SPARALTE,1,0.35,3,4/14/2014,21:00:00,,,,,,
TURA10,CLRA,5/14/2014,SPARALTE,0.54,0.29,,,,,,,,,
TURA11,CLRA,5/14/2014,SPARALTE,0.85,0.13,3,,,,,,,,
TURA12,CLRA,5/30/2014,SPARALTE,0.68,0.3,3,,,,,,,,
TURA13,CLRA,5/30/2014,JUNCROEM & SPARALTE,1.08,0.4,3,,,,,,,,
TURA14,CLRA,6/3/2014,SPARALTE,0.95,0.27,5,,,,,,,,
TURA15,CLRA,6/3/2014,SPARALTE,0.93,0.33,3,,,,,,,,
TURA16,CLRA,6/3/2014,SPARALTE,0.9,0.26,5,,,,,,,,
TURA17,CLRA,6/3/2014,SPARALTE,0.99,0.25,1,,,,,,,,
TURA18,CLRA,6/3/2014,SPARALTE,0.8,0.34,3,,,,,,,,
TURA19,CLRA,6/13/2014,SPARALTE,1.07,0.4,,,,,,,,,
TURA2,CLRA,4/11/2014,SPARALTE,,,3,,,,,,,,
TURA20,CLRA,6/13/2014,SPARALTE,0.96,0.13,,,,,,,,,
TURA21,CLRA,6/13/2014,SPARALTE,1.05,0.37,3,,,,,,,,
TURA22,CLRA,6/13/2014,SPARALTE,1.05,0.27,1,,,,,,,,
TURA23,CLRA,6/13/2014,SPARALTE,0.96,0.37,3,,,,,,,,
TURA24,CLRA,6/30/2014,SPARALTE,1.07,0.4,,,,,,,,,
TURA25,CLRA,6/30/2014,SPARALTE,0.82,0.43,,,,,,,,,
TURA3,CLRA,4/11/2014,SPARALTE,0.78,0.35,3,,,,,,,,
TURA4,CLRA,4/23/2014,SPARALTE,,,2,,,,,,,,
TURA5,CLRA,4/23/2014,SPARALTE,0.85,0.25,3,,,,,,,,
TURA6,CLRA,5/8/2014,SPARALTE,0.74,0.47,3,,,,,,,,
TURA7,CLRA,5/8/2014,SPARALTE,0.68,0.32,3,,,,,,,,
TURA8,CLRA,5/8/2014,SPARALTE,0.83,0.13,,,,,,,,,
TURA9,CLRA,5/14/2014,SPARALTE,0.76,0.25,3,,,,,,,,
TURE1,CLRA,4/11/2014,SPARALTE,,,1,,,,,,,,
TURE10,CLRA,6/30/2014,SPARALTE,0.68,0.29,,,,,,,,,
TURE2,CLRA,4/11/2014,SPARALTE,0.8,0.3,1,,,,,,,,
TURE4,CLRA,4/23/2014,SPARALTE,0.55,0.25,3,,,,,,,,
TURE5,CLRA,4/23/2014,SPARALTE,0.65,0.22,3,5/6/2014,22:00:00,,,,,,
TURE6,CLRA,4/23/2014,SPARALTE,1.05,0.6,,,,,,,,,
TURE7,CLRA,5/8/2014,SPARALTE,0.7,0.35,,,,,,,,,
TURE8,CLRA,5/8/2014,SPARALTE,0.85,0.32,3,,,,,,,,
TURE9,CLRA,6/3/2014,SPARALTE,0.95,0.42,3,,,,,,,,
TURK1,CLRA,5/18/2014,SPARALTE,1,0.35,3,,,,,,,,
TURK2,CLRA,5/25/2014,BORRFRUT,0.45,0.15,,,,,,,,,
TURK3,CLRA,5/30/2014,SPARALTE,0.92,0.35,3,,,,,,,,
TURK4,CLRA,5/31/2014,SPARALTE,,,1,,,,,,,,
TURK5,CLRA,6/30/2014,SPARALTE,1.05,0.7,,,,,,,,,
TURK6,CLRA,6/30/2014,SPARALTE,0.85,0.35,5,,,,,,,,
TURK7,CLRA,7/10/2014,SPARALTE,0.85,0.37,,,,,,,,,
TURK8,CLRA,7/20/2014,SPARALTE,0.6,0.25,,,,,,,,,
WIS?1,SESP,7/3/2013,SPARALTE,,,,,,,,,,,
WIS?2,SESP,7/3/2013,SPARALTE,,,,,,,,,,,
WIS1,SESP,7/3/2013,SPARALTE,1.4,0.75,,,,,,,,,
WIS2,SESP,7/3/2013,SPARALTE,1.7,0.95,3,,,,,,,,
WIS3,SESP,7/3/2013,SPARALTE,,,,,,,,,,,
WIS4,SESP,7/3/2013,SPARALTE,1.3,0.55,3,,,,,,,,
WISF1,SESP,7/3/2013,SPARALTE,1.4,0.7,3,,,,,,,,
WISF10,SESP,7/3/2013,SPARALTE,1.2,0.6,3,,,,,,,,
WISF2,SESP,7/3/2013,SPARALTE,1.5,0.65,3,,,,,,,,
WISF3,SESP,7/3/2013,SPARALTE,1.2,0.65,3,,,,,,,,
WISF4,SESP,7/3/2013,SPARALTE,1.4,0.7,3,,,,,,,,
WISF5,SESP,7/3/2013,SPARALTE,1.3,0.6,,,,,,,,,
WISF6,SESP,7/3/2013,SPARALTE,1.6,0.7,3,,,,,,,,
WISF7,SESP,7/3/2013,SPARALTE,1.3,0.65,3,,,,,,,,
WISF8,SESP,7/3/2013,SPARALTE,1.4,0.6,3,,,,,,,,
WISF9,SESP,7/3/2013,SPARALTE,1.6,0.8,3,,,,,,,,
